{"cameraMode":{"drawMode":0,"name":"Shaded","section":"Shading Mode"},"sceneLighting":true,"audioPlay":false,"sceneViewState":{"showFog":true,"showMaterialUpdate":false,"showSkybox":true,"showFlares":true,"showImageEffects":true,"showParticleSystems":true},"in2DMode":false,"pivot":{"x":544.3895263671875,"y":300.4271240234375,"z":149.39019775390626},"rotation":{"x":-0.06925465911626816,"y":0.0035886173136532308,"z":-0.00025034244754351676,"w":-0.9976012706756592},"size":1080.5272216796875,"orthographic":false}