{"cameraMode":{"drawMode":0,"name":"Shaded","section":"Shading Mode"},"sceneLighting":false,"audioPlay":false,"sceneViewState":{"showFog":true,"showMaterialUpdate":false,"showSkybox":false,"showFlares":true,"showImageEffects":true,"showParticleSystems":true},"in2DMode":false,"pivot":{"x":2.2351741790771486e-8,"y":0.20045730471611024,"z":7.450580596923828e-9},"rotation":{"x":-0.1671357899904251,"y":0.741877555847168,"z":-0.20078259706497193,"w":-0.6175541877746582},"size":0.7390753030776978,"orthographic":false}