{"cameraMode":{"drawMode":0,"name":"Shaded","section":"Shading Mode"},"sceneLighting":false,"audioPlay":false,"sceneViewState":{"showFog":true,"showMaterialUpdate":false,"showSkybox":false,"showFlares":true,"showImageEffects":true,"showParticleSystems":true},"in2DMode":false,"pivot":{"x":2.000086784362793,"y":0.9111857414245606,"z":0.08910128474235535},"rotation":{"x":0.1219332292675972,"y":0.12999190390110017,"z":-0.016154121607542039,"w":0.9838801026344299},"size":4.442666530609131,"orthographic":false}