{"cameraMode":{"drawMode":0,"name":"Shaded","section":"Shading Mode"},"sceneLighting":true,"audioPlay":false,"sceneViewState":{"showFog":true,"showMaterialUpdate":false,"showSkybox":true,"showFlares":true,"showImageEffects":true,"showParticleSystems":true},"in2DMode":false,"pivot":{"x":-12.897294998168946,"y":-11.390869140625,"z":-1.265160083770752},"rotation":{"x":-0.18857157230377198,"y":0.7359999418258667,"z":-0.22792109847068788,"w":-0.6089327931404114},"size":46.36952590942383,"orthographic":false}