{"cameraMode":{"drawMode":0,"name":"Shaded","section":"Shading Mode"},"sceneLighting":false,"audioPlay":false,"sceneViewState":{"showFog":true,"showMaterialUpdate":false,"showSkybox":false,"showFlares":true,"showImageEffects":true,"showParticleSystems":true},"in2DMode":false,"pivot":{"x":-0.00911855697631836,"y":0.22953712940216065,"z":-0.3703489303588867},"rotation":{"x":-0.007094780448824167,"y":-0.6475545763969421,"z":0.006027260795235634,"w":-0.7619679570198059},"size":1.0905416011810303,"orthographic":false}