{"cameraMode":{"drawMode":0,"name":"Shaded","section":"Shading Mode"},"sceneLighting":false,"audioPlay":false,"sceneViewState":{"showFog":true,"showMaterialUpdate":false,"showSkybox":false,"showFlares":true,"showImageEffects":true,"showParticleSystems":true},"in2DMode":false,"pivot":{"x":-0.26513710618019106,"y":0.34370115399360659,"z":0.1725320816040039},"rotation":{"x":-0.12471196055412293,"y":0.8471275568008423,"z":-0.22790437936782838,"w":-0.4635573625564575},"size":0.7390753030776978,"orthographic":false}