{"cameraMode":{"drawMode":0,"name":"Shaded","section":"Shading Mode"},"sceneLighting":false,"audioPlay":false,"sceneViewState":{"showFog":true,"showMaterialUpdate":false,"showSkybox":false,"showFlares":true,"showImageEffects":true,"showParticleSystems":true},"in2DMode":false,"pivot":{"x":-0.3435547947883606,"y":-0.09377298504114151,"z":-1.6823678016662598},"rotation":{"x":-0.002878741128370166,"y":0.9963900446891785,"z":-0.03769082948565483,"w":-0.07607176899909973},"size":2.275421619415283,"orthographic":false}