{"cameraMode":{"drawMode":0,"name":"Shaded","section":"Shading Mode"},"sceneLighting":true,"audioPlay":false,"sceneViewState":{"showFog":true,"showMaterialUpdate":false,"showSkybox":true,"showFlares":true,"showImageEffects":true,"showParticleSystems":true},"in2DMode":false,"pivot":{"x":11.300000190734864,"y":0.0,"z":14.529999732971192},"rotation":{"x":-0.33553624153137209,"y":0.025992536917328836,"z":-0.00926220417022705,"w":-0.9416239261627197},"size":47.918373107910159,"orthographic":false}