{"cameraMode":{"drawMode":0,"name":"Shaded","section":"Shading Mode"},"sceneLighting":false,"audioPlay":false,"sceneViewState":{"showFog":true,"showMaterialUpdate":false,"showSkybox":false,"showFlares":true,"showImageEffects":true,"showParticleSystems":true},"in2DMode":false,"pivot":{"x":1.9247037172317505,"y":0.5320042371749878,"z":1.3504101037979127},"rotation":{"x":-0.04907463490962982,"y":0.846362829208374,"z":-0.07920313626527786,"w":-0.5243980288505554},"size":9.2857666015625,"orthographic":false}