{"cameraMode":{"drawMode":0,"name":"Shaded","section":"Shading Mode"},"sceneLighting":true,"audioPlay":false,"sceneViewState":{"showFog":true,"showMaterialUpdate":false,"showSkybox":true,"showFlares":true,"showImageEffects":true,"showParticleSystems":true},"in2DMode":false,"pivot":{"x":8.72658920288086,"y":1.0331389904022217,"z":6.4459686279296879},"rotation":{"x":-0.07581865787506104,"y":-0.890166699886322,"z":0.1608889400959015,"w":-0.4195009469985962},"size":1.245234489440918,"orthographic":false}