{"cameraMode":{"drawMode":0,"name":"Shaded","section":"Shading Mode"},"sceneLighting":true,"audioPlay":false,"sceneViewState":{"showFog":true,"showMaterialUpdate":false,"showSkybox":true,"showFlares":true,"showImageEffects":true,"showParticleSystems":true},"in2DMode":false,"pivot":{"x":1.8395076990127564,"y":1.246322512626648,"z":3.9554052352905275},"rotation":{"x":-0.020964771509170533,"y":0.979093611240387,"z":-0.14527542889118195,"w":-0.14103864133358003},"size":4.45062780380249,"orthographic":false}