{"cameraMode":{"drawMode":0,"name":"Shaded","section":"Shading Mode"},"sceneLighting":true,"audioPlay":false,"sceneViewState":{"showFog":true,"showMaterialUpdate":false,"showSkybox":true,"showFlares":true,"showImageEffects":true,"showParticleSystems":true},"in2DMode":false,"pivot":{"x":2.856875419616699,"y":-1.5220437049865723,"z":4.591962814331055},"rotation":{"x":0.10320141911506653,"y":0.8794172406196594,"z":-0.2225184142589569,"w":0.4080556631088257},"size":8.34097671508789,"orthographic":false}