{"cameraMode":{"drawMode":0,"name":"Shaded","section":"Shading Mode"},"sceneLighting":false,"audioPlay":false,"sceneViewState":{"showFog":true,"showMaterialUpdate":false,"showSkybox":false,"showFlares":true,"showImageEffects":true,"showParticleSystems":true},"in2DMode":false,"pivot":{"x":-0.24327874183654786,"y":0.1863337755203247,"z":0.03596937656402588},"rotation":{"x":-0.0981777235865593,"y":0.8999707698822022,"z":-0.26837608218193056,"w":-0.32922837138175967},"size":0.9464765787124634,"orthographic":false}