{"cameraMode":{"drawMode":0,"name":"Shaded","section":"Shading Mode"},"sceneLighting":false,"audioPlay":false,"sceneViewState":{"showFog":true,"showMaterialUpdate":false,"showSkybox":false,"showFlares":true,"showImageEffects":true,"showParticleSystems":true},"in2DMode":false,"pivot":{"x":-2.1600000858306886,"y":-6.789999961853027,"z":0.6600000262260437},"rotation":{"x":-0.18857157230377198,"y":0.7359999418258667,"z":-0.22792109847068788,"w":-0.6089327931404114},"size":22.0,"orthographic":false}