{"cameraMode":{"drawMode":0,"name":"Shaded","section":"Shading Mode"},"sceneLighting":true,"audioPlay":false,"sceneViewState":{"showFog":true,"showMaterialUpdate":false,"showSkybox":true,"showFlares":true,"showImageEffects":true,"showParticleSystems":true},"in2DMode":false,"pivot":{"x":-0.07227635383605957,"y":0.1197589635848999,"z":-0.0697157084941864},"rotation":{"x":-0.21175439655780793,"y":-0.6607094407081604,"z":0.20243437588214875,"w":-0.6911236047744751},"size":3.348766565322876,"orthographic":false}