{"cameraMode":{"drawMode":0,"name":"Shaded","section":"Shading Mode"},"sceneLighting":true,"audioPlay":false,"sceneViewState":{"showFog":true,"showMaterialUpdate":false,"showSkybox":true,"showFlares":true,"showImageEffects":true,"showParticleSystems":true},"in2DMode":false,"pivot":{"x":1.3218796253204346,"y":-1.1452417373657227,"z":0.1122274398803711},"rotation":{"x":0.050505127757787707,"y":0.9287696480751038,"z":-0.3404065668582916,"w":0.13780692219734193},"size":9.387582778930664,"orthographic":false}