{"cameraMode":{"drawMode":0,"name":"Shaded","section":"Shading Mode"},"sceneLighting":false,"audioPlay":false,"sceneViewState":{"showFog":true,"showMaterialUpdate":false,"showSkybox":false,"showFlares":true,"showImageEffects":true,"showParticleSystems":true},"in2DMode":false,"pivot":{"x":-0.002081013284623623,"y":0.03623035550117493,"z":0.01687827706336975},"rotation":{"x":0.000022363883545040153,"y":0.9999626874923706,"z":0.008690469898283482,"w":-0.0026992461644113065},"size":0.2720866799354553,"orthographic":false}